{
    "r2_score": 0.24497801396158136,
    "mse": 0.8081068735529424,
    "mae": 0.6923896798870024
}